PersonID;DefaultName;BirthDate;DeathDate;PlaceOfOrigin;CategoryName;EraName;School_Tag;Rank;BiographyShort;KeyContribution;MainWorks;RelationType;PersonB_ID;QuoteText
1;Θαλής ο Μιλήσιος;624 π.Χ.;546 π.Χ.;Μίλητος;Φιλόσοφοι;Προσωκρατική (624-546 π.Χ.);Ιωνική Σχολή / 7 Σοφοί;5;Ο πρώτος φιλόσοφος που αναζήτησε φυσικά αίτια για τα φαινόμενα αντί για μυθολογικά.;Το νερό ως αρχή των πάντων.;Δεν άφησε γραπτά (Αναφορές σε Αριστοτέλη).;Δάσκαλος;2;Γνώθι σαυτόν.Πάντα πλήρη θεών είναι.
2;Αναξίμανδρος;610 π.Χ.;546 π.Χ.;Μίλητος;Φιλόσοφοι;Προσωκρατική (610-546 π.Χ.);Ιωνική Σχολή / Κοσμολόγοι;4;"Πρώτος που χρησιμοποίησε τον όρο ""Αρχή"" και σχεδίασε χάρτη της οικουμένης.";"Το ""Άπειρον"" ως αρχή του κόσμου.";"""Περί Φύσεως"" (Αποσπάσματα).";Επιρροή;3;Η αρχή των όντων είναι το άπειρον.
3;Πυθαγόρας;570 π.Χ.;495 π.Χ.;Σάμος;Φιλόσοφοι;Προσωκρατική (570-495 π.Χ.);Πυθαγόρειοι;5;Ιδρυτής μυστικιστικής σχολής. Πίστευε ότι η πραγματικότητα είναι μαθηματική.;Μετεμψύχωση, Αριθμολογία.;Προφορική διδασκαλία (Χρυσά Έπη).;Επιρροή;11;Ο αριθμός είναι ο νόμος του σύμπαντος.
4;Ηράκλειτος;535 π.Χ.;475 π.Χ.;Έφεσος;Φιλόσοφοι;Προσωκρατική (535-475 π.Χ.);Εφεσιακοί / Κοσμολόγοι;5;"Ο ""Σκοτεινός"". Δίδασκε την αιώνια κίνηση και την ενότητα των αντιθέτων.";Ο Λόγος και η αέναη μεταβολή.;"""Περί Φύσεως"" (130 αποσπάσματα).";-;-;Τα πάντα ρεί.Ήθος ανθρώπω δαίμων.
5;Παρμενίδης;515 π.Χ.;450 π.Χ.;Ελέα;Φιλόσοφοι;Προσωκρατική (515-450 π.Χ.);Ελεάτες;5;"Υποστήριξε ότι η αλλαγή είναι ψευδαίσθηση και μόνο το ""Είναι"" υπάρχει.";Θεμελίωση της Οντολογίας.;"""Περί Φύσεως"" (έμμετρο).";Δάσκαλος;6;Το γαρ αυτό νοείν εστίν τε και είναι.
6;Ζήνων ο Ελεάτης;490 π.Χ.;430 π.Χ.;Ελέα;Φιλόσοφοι;Προσωκρατική (490-430 π.Χ.);Ελεάτες;4;Διάσημος για τα παράδοξα που αποδείκνυαν ότι η κίνηση είναι αδύνατη.;Διαλεκτική μέθοδος.;"""Κατά των Φυσικών"" (Αποσπάσματα).";-;-;Η κίνηση είναι ψευδαίσθηση.
7;Εμπεδοκλής;495 π.Χ.;435 π.Χ.;Ακράγαντας;Φιλόσοφοι;Προσωκρατική (495-435 π.Χ.);Πλουραλιστές;4;Είπε ότι ο κόσμος φτιάχνεται από 4 στοιχεία που τα κινούν η Φιλία και το Μίσος.;Τα 4 ριζώματα (Στοιχεία).;"""Καθαρμοί"", ""Περί Φύσεως"".";-;-;Η Φιλία ενώνει, το Μίσος χωρίζει.
8;Δημόκριτος;460 π.Χ.;370 π.Χ.;Άβδηρα;Φιλόσοφοι;Προσωκρατική (460-370 π.Χ.);Ατομικοί / Επιστήμονες;5;Υποστήριξε ότι τα πάντα αποτελούνται από άτομα και κενό χώρο.;Ατομική θεωρία.;"""Μέγας Διάκοσμος"" (Αποσπάσματα).";-;-;Νόμω γλυκύ, ετεή δε άτομα και κενόν.
9;Ιπποκράτης;460 π.Χ.;370 π.Χ.;Κως;Γιατροί;Κλασική (460-370 π.Χ.);Επιστήμονες / Ιατρική;5;Απάλλαξε την ιατρική από τη μαγεία, βασιζόμενος στην παρατήρηση.;Κλινική ιατρική, Ηθική ιατρικής.;"""Ιπποκρατική Συλλογή"" (Corpus).";-;-;Ωφελείν ή μη βλάπτειν.Ο βίος βραχύς, η δε τέχνη μακρή.
10;Πρωταγόρας;485 π.Χ.;415 π.Χ.;Άβδηρα;Φιλόσοφοι;Κλασική (485-415 π.Χ.);Σοφιστές;5;Ο πρώτος και σπουδαιότερος σοφιστής. Δίδασκε την αρετή έναντι αμοιβής.;Σχετικισμός (Ο άνθρωπος είναι το μέτρο).;"""Περί Θεών"", ""Αλήθεια"".";-;-;Πάντων χρημάτων μέτρον άνθρωπος.
11;Σωκράτης;470 π.Χ.;399 π.Χ.;Αθήνα;Φιλόσοφοι;Κλασική (470-399 π.Χ.);Σωκρατικοί;5;Άλλαξε την πορεία της φιλοσοφίας από τη φύση στον άνθρωπο και την ηθική.;Μαιευτική μέθοδος, Διαλεκτική.;Δεν έγραψε (Διασώθηκε από Πλάτωνα/Ξενοφώντα).;Δάσκαλος;12;Εν οίδα ότι ουδέν οίδα.Ο ανεξέταστος βίος ου βιωτός ανθρώπω.
12;Πλάτων;427 π.Χ.;347 π.Χ.;Αθήνα;Φιλόσοφοι;Κλασική (427-347 π.Χ.);Πλατωνικοί (Ακαδημία);5;Μαθητής του Σωκράτη. Ίδρυσε την Ακαδημία, το πρώτο πανεπιστήμιο.;Θεωρία των Ιδεών, Ιδανική Πολιτεία.;"""Πολιτεία"", ""Συμπόσιο"", ""Φαίδων"".";Δάσκαλος;13;Η παιδεία είναι ο δεύτερος ήλιος.Η γνώση χωρίς αρετή είναι πανουργία.
13;Αριστοτέλης;384 π.Χ.;322 π.Χ.;Στάγειρα;Φιλόσοφοι;Κλασική (384-322 π.Χ.);Αριστοτελικοί (Λύκειο);5;Δάσκαλος του Μεγάλου Αλεξάνδρου. Συστηματοποίησε όλη τη γνώση της εποχής.;Λογική (Όργανον), Μεσότητα.;"""Ηθικά Νικομάχεια"", ""Πολιτικά"", ""Μετά τα Φυσικά"".";-;-;Ο άνθρωπος είναι φύσει πολιτικόν ζώον.Η αρετή είναι μεσότητα.
14;Αντισθένης;445 π.Χ.;365 π.Χ.;Αθήνα;Φιλόσοφοι;Κλασική (445-365 π.Χ.);Κυνικοί;4;Μαθητής του Σωκράτη που κήρυξε την αυστηρή ζωή και την περιφρόνηση των πλούτων.;Θεμελίωση του Κυνισμού.;"""Περί Αρετής"" (Αποσπάσματα).";Δάσκαλος;15;Η αρετή είναι το μόνο όπλο που δεν προδίδει.
15;Διογένης ο Κυνικός;412 π.Χ.;323 π.Χ.;Σινώπη;Φιλόσοφοι;Ελληνιστική (412-323 π.Χ.);Κυνικοί;5;Ζούσε σε ένα πιθάρι στην Αθήνα, εφαρμόζοντας στην πράξη την κυνική φιλοσοφία.;Απόλυτη ελευθερία, Αυτάρκεια.;Προφορική παράδοση (Διογένης Λαέρτιος).;Δάσκαλος;56;Άπελθε του ηλίου μου.Άνθρωπον ζητώ.
16;Επίκουρος;341 π.Χ.;270 π.Χ.;Σάμος/Αθήνα;Φιλόσοφοι;Ελληνιστική (341-270 π.Χ.);Επικούρειοι;5;"Δίδασκε ότι σκοπός της ζωής είναι η ""αταραξία"" μέσω της φιλίας και της γνώσης.";Απουσία πόνου, Ατομικός υλισμός.;"""Περί Φύσεως"", ""Κύριαι Δόξαι"".";-;-;Λάθε βιώσας.Ο θάνατος δεν είναι τίποτα για εμάς.
17;Ζήνων ο Κιτιεύς;334 π.Χ.;262 π.Χ.;Κίτιο (Κύπρος);Φιλόσοφοι;Ελληνιστική (334-262 π.Χ.);Στωικοί;5;Ίδρυσε τη Στοά στην Αθήνα. Δίδασκε την υποταγή στη λογική και τη φύση.;Στωικισμός, Ηθικό καθήκον.;"""Πολιτεία"" (Χάθηκε).";Δάσκαλος;18;Ζην ομολογουμένως τη φύσει.
18;Χρύσιππος;280 π.Χ.;207 π.Χ.;Σόλοι;Φιλόσοφοι;Ελληνιστική (280-207 π.Χ.);Στωικοί;4;"Ο ""δεύτερος ιδρυτής"" του Στωικισμού. Συστηματοποίησε τη λογική της σχολής.";Προτασιακή Λογική.;Έγραψε 700+ έργα (Χάθηκαν).;Μαθητής;41;Αν δεν υπήρχε το κακό, δεν θα γνωρίζαμε το καλό.
19;Πύρρων ο Ηλείος;360 π.Χ.;270 π.Χ.;Ήλιδα;Φιλόσοφοι;Ελληνιστική (360-270 π.Χ.);Σκεπτικοί;4;Ταξίδεψε με τον Μ. Αλέξανδρο στην Ινδία. Πίστευε ότι τίποτα δεν είναι βέβαιο.;Σκεπτικισμός (Εποχή).;Δεν έγραψε (Διασώθηκε από Τίμωνα).;-;-;Ουδέν μάλλον. (Τίποτα δεν είναι έτσι περισσότερο παρά αλλιώς).
20;Πλωτίνος;204 μ.Χ.;270 μ.Χ.;Λυκόπολις;Φιλόσοφοι;Ρωμαϊκή (204-270 μ.Χ.);Νεοπλατωνικοί;5;"Αναβίωσε τον Πλάτωνα με μυστικιστικό τρόπο. Πίστευε στην απορροή από το ""Έν"".";Θεμελίωση Νεοπλατωνισμού.;"""Εννεάδες"".";-;-;Προσπάθησε να ανεβάσεις το θείο μέσα σου στο θείο του σύμπαντος.
21;Αναξιμένης;585 π.Χ.;525 π.Χ.;Μίλητος;Φιλόσοφοι;Προσωκρατική (585-525 π.Χ.);Ιωνική Σχολή / Κοσμολόγοι;4;Ο τελευταίος της Μιλήτου. Θεωρούσε τον αέρα ως την ουσία που ζωογονεί το σύμπαν.;Πύκνωση και αραίωση του αέρα.;"""Περί Φύσεως"" (Χάθηκε).";Μαθητής;2;Όπως η ψυχή μας, που είναι αέρας, μας συγκρατεί, έτσι και το πνεύμα περιέχει όλο τον κόσμο.
22;Ξενοφάνης;570 π.Χ.;475 π.Χ.;Κολοφώνα;Φιλόσοφοι;Προσωκρατική (570-475 π.Χ.);Ελεάτες (Πρόδρομος);4;Περιπλανώμενος ποιητής που πολέμησε την ανθρωπομορφία των θεών.;Εισαγωγή της έννοιας του Ενός Θεού.;Ελεγείες και Σίλλοι.;Δάσκαλος;5;Αν τα βόδια είχαν χέρια, θα ζωγράφιζαν τους θεούς σαν βόδια.
23;Μέλισσος ο Σάμιος;470 π.Χ.;430 π.Χ.;Σάμος;Φιλόσοφοι;Προσωκρατική (470-430 π.Χ.);Ελεάτες;3;Ναύαρχος της Σάμου που νίκησε τους Αθηναίους. Υπερασπίστηκε τον Παρμενίδη με λογικά επιχειρήματα.;Το Όν είναι άπειρο στον χρόνο και στον χώρο.;"""Περί Φύσεως ή Περί του Όντος"".";-;-;Τίποτα δεν μπορεί να προέλθει από το μηδέν.
24;Λεύκιππος;480 π.Χ.;420 π.Χ.;Μίλητος;Φιλόσοφοι;Προσωκρατική (480-420 π.Χ.);Ατομικοί;4;Ο σκιώδης δάσκαλος του Δημόκριτου. Πρώτος συνέλαβε την ιδέα του ατόμου.;Θεμελίωση ατομισμού.;"""Μέγας Διάκοσμος"" (Αποσπάσματα).";Δάσκαλος;8;Τίποτα δεν γίνεται τυχαία, αλλά όλα για κάποιο λόγο και από ανάγκη.
25;Φιλόλαος;470 π.Χ.;385 π.Χ.;Κρότωνας;Φιλόσοφοι;Προσωκρατική (470-385 π.Χ.);Πυθαγόρειοι;4;Ο πρώτος που κατέγραψε τη μυστική διδασκαλία του Πυθαγόρα σε βιβλία.;"Η θεωρία ότι η Γη κινείται γύρω από το ""Κεντρικό Πυρ"".";"""Περί Φύσεως"".";Επιρροή;3;Η φύση στον κόσμο εναρμονίστηκε από τα άπειρα και τα περαίνοντα.
26;Αρχύτας ο Ταραντίνος;428 π.Χ.;347 π.Χ.;Τάραντας;Φιλόσοφοι;Προσωκρατική (428-347 π.Χ.);Πυθαγόρειοι / Επιστήμονες;4;Πυθαγόρειος φιλόσοφος, μαθηματικός και στρατηγός του Τάραντα. Διακρίθηκε για τη συμβολή του στα μαθηματικά, τη μηχανική και τη μουσική θεωρία. Ήταν στενός φίλος του Πλάτων και φέρεται να μεσολάβησε για τη διάσωσή του από τις Συρακούσες.;Γεωμετρική λύση του διπλασιασμού του κύβου, θεμελίωση μαθηματικής αρμονίας στη μουσική και πρώιμες αρχές μηχανικής.;Γεωμετρική λύση του διπλασιασμού του κύβου, θεμελίωση μαθηματικής αρμονίας στη μουσική και πρώιμες αρχές μηχανικής.;Επιρροή;12;Η λογική, όταν επικρατεί, παύει τις διαφωνίες και ενισχύει την ομόνοια.
27;Γοργίας;483 π.Χ.;375 π.Χ.;Λεοντίνοι;Φιλόσοφοι;Κλασική (483-375 π.Χ.);Σοφιστές;5;"Ο ""πατέρας"" της μηδενιστικής σκέψης και ο μεγαλύτερος ρήτορας της εποχής του.";Η πειθώ ως η ύψιστη τέχνη.;"""Περί του μη όντος"", ""Ελένης Εγκώμιον"".";-;-;Τίποτα δεν υπάρχει· κι αν υπήρχε, θα ήταν άγνωστο.
28;Πρόδικος ο Κείος;465 π.Χ.;395 π.Χ.;Κέα;Φιλόσοφοι;Κλασική (465-395 π.Χ.);Σοφιστές;3;Δάσκαλος του Σωκράτη στη γλωσσολογία. Ερεύνησε τη σημασία των λέξεων.;Συνωνυμική (διάκριση λέξεων).;"""Ώραι"".";Δάσκαλος;11;Η εργασία είναι ο πατέρας της δόξας.
29;Ιππίας ο Ηλείος;460 π.Χ.;390 π.Χ.;Ήλιδα;Φιλόσοφοι;Κλασική (460-390 π.Χ.);Σοφιστές;3;Ισχυριζόταν ότι κατέχει όλες τις τέχνες. Πίστευε στην υπεροχή της φύσης έναντι του νόμου.;Φυσικό Δίκαιο.;"""Συναγωγή"".";-;-;Ο νόμος, ο τύραννος των ανθρώπων, επιβάλλει πολλά πράγματα αντίθετα στη φύση.
30;Κριτίας;460 π.Χ.;403 π.Χ.;Αθήνα;Φιλόσοφοι;Κλασική (460-403 π.Χ.);Σοφιστές / Πολιτικοί;3;Ηγέτης των Τριάκοντα Τυράννων. Υποστήριξε ότι η θρησκεία είναι ανθρώπινη εφεύρεση για έλεγχο.;Πολιτικός ρεαλισμός και αθεϊσμός.;"""Σίσυφος"" (Σατυρικό δράμα).";-;-;Οι θεοί επινοήθηκαν για να φοβίζουν τους ανθρώπους όταν κανείς δεν τους βλέπει.
31;Θρασύμαχος;459 π.Χ.;400 π.Χ.;Χαλκηδόνα;Φιλόσοφοι;Κλασική (459-400 π.Χ.);Σοφιστές;4;"Εμφανίζεται στην ""Πολιτεία"" του Πλάτωνα να υποστηρίζει ότι το δίκαιο είναι το συμφέρον του ισχυρού.";Ορισμός του δικαίου ως δύναμης.;Ρητορικά έργα.;-;-;Το δίκαιο δεν είναι τίποτα άλλο παρά το συμφέρον του ισχυρότερου.
32;Καλλικλής;450 π.Χ.;400 π.Χ.;Αθήνα;Φιλόσοφοι;Κλασική (450-400 π.Χ.);Σοφιστές;3;"Υποστηρικτής της ""φυσικής επιλογής"". Πίστευε ότι οι νόμοι φτιάχτηκαν από τους αδύναμους για να περιορίσουν τους δυνατούς.";Η θεωρία του δικαίου του ισχυρότερου.;"(Αναφορές στον ""Γοργία"" του Πλάτωνα).";-;-;Η φύση δείχνει ότι είναι δίκαιο ο ανώτερος να έχει περισσότερα από τον κατώτερο.
33;Ξενοφών;430 π.Χ.;354 π.Χ.;Αθήνα;Ιστορικοί;Κλασική (430-354 π.Χ.);Σωκρατικοί;4;Στρατιωτικός και ιστορικός. Μας έδωσε μια πιο πρακτική και καθημερινή εικόνα του Σωκράτη.;Ιστοριογραφία και Σωκρατική ηθική.;"""Απομνημονεύματα"", ""Κύρου Ανάβασις"".";Μαθητής;11;Η ευτυχία δεν εξαρτάται από τα πλούτη, αλλά από την ψυχή.
34;Αρίστιππος;435 π.Χ.;356 π.Χ.;Κυρήνη;Φιλόσοφοι;Κλασική (435-356 π.Χ.);Κυρηναϊκοί;4;Μαθητής του Σωκράτη που λάτρευε την πολυτέλεια. Δίδασκε ότι η ηδονή είναι το μόνο αγαθό.;Ηδονισμός.;"""Περί Ηδονής"".";Μαθητής;11;Κατέχω, αλλ' ου κατέχομαι.
35;Ευκλείδης ο Μεγαρεύς;435 π.Χ.;365 π.Χ.;Μέγαρα;Φιλόσοφοι;Κλασική (435-365 π.Χ.);Μεγαρική Σχολή;3;Παρόν στον θάνατο του Σωκράτη. Συνδύασε τον Σωκράτη με τον Παρμενίδη.;"Η θεωρία του Αγαθού ως ""Ενός"".";Διαλεκτικοί διάλογοι.;Μαθητής;11;Το Αγαθό είναι ένα, αν και καλείται με πολλά ονόματα.
36;Φαίδων ο Ηλείος;400 π.Χ.;350 π.Χ.;Ήλιδα;Φιλόσοφοι;Κλασική (400-350 π.Χ.);Σχολή της Ήλιδας;3;"Πρώην δούλος που ελευθερώθηκε με τη βοήθεια του Σωκράτη. Ο Πλάτων του αφιέρωσε τον διάλογο ""Φαίδων"".";Ηθική φιλοσοφία.;"""Ζώπυρος"".";Μαθητής;11;(Διασώθηκε από τον Πλάτωνα).
37;Σπεύσιππος;408 π.Χ.;339 π.Χ.;Αθήνα;Φιλόσοφοι;Κλασική (408-339 π.Χ.);Ακαδημία (Πλατωνικοί);3;Ανιψιός του Πλάτωνα και ο πρώτος σχολάρχης της Ακαδημίας μετά τον θάνατό του.;Εστίαση στα Μαθηματικά και τη Βιολογία.;"""Όμοια"".";Μαθητής;12;Η ευδαιμονία είναι η κατάσταση που είναι σύμφωνη με τη φύση.
38;Ξενοκράτης;396 π.Χ.;314 π.Χ.;Χαλκηδόνα;Φιλόσοφοι;Κλασική (396-314 π.Χ.);Ακαδημία (Πλατωνικοί);3;Ο δεύτερος σχολάρχης της Ακαδημίας. Χώρισε τη φιλοσοφία σε Φυσική, Ηθική και Λογική.;Τριμερής διαίρεση της φιλοσοφίας.;"""Περί Φύσεως"".";Μαθητής;12;Η αρετή είναι αρκετή για την ευτυχία.
39;Θεόφραστος;371 π.Χ.;287 π.Χ.;Ερεσός;Φιλόσοφοι;Κλασική (371-287 π.Χ.);Περιπατητικοί (Λύκειο);5;Διάδοχος του Αριστοτέλη. Θεωρείται ο πατέρας της βοτανικής.;Βοτανική και Χαρακτηριολογία.;"""Περί φυτών ιστορία"", ""Χαρακτήρες"".";Μαθητής;13;Ο χρόνος είναι το πολυτιμότερο πράγμα που μπορεί να ξοδέψει κανείς.
40;Στράτων ο Λαμψακηνός;335 π.Χ.;269 π.Χ.;Λάμψακος;Φιλόσοφοι;Ελληνιστική (335-269 π.Χ.);Περιπατητικοί (Λύκειο);3;"Ονομαζόταν ""Φυσικός"" γιατί απέρριψε τη θεϊκή παρέμβαση και εστίασε μόνο στη φύση.";Φυσιοκρατία.;"""Περί Κινήσεως"".";Μαθητής;39;Η φύση είναι η αιτία όλων των πραγμάτων.
41;Κλεάνθης;331 π.Χ.;232 π.Χ.;Άσσος;Φιλόσοφοι;Ελληνιστική (331-232 π.Χ.);Στωικοί;4;Πρώην πυγμάχος που δούλευε τη νύχτα ως νερουλάς για να σπουδάζει τη μέρα στη Στοά.;Θρησκευτική διάσταση του Στωικισμού.;"""Ύμνος εις Δία"".";Μαθητής;17;Η μοίρα οδηγεί αυτόν που θέλει, και σέρνει αυτόν που δεν θέλει.
42;Επίκτητος;50 μ.Χ.;135 μ.Χ.;Ιεράπολη;Φιλόσοφοι;Ρωμαϊκή (50-135 μ.Χ.);Στωικοί;5;Πρώην δούλος που έγινε ένας από τους σημαντικότερους δασκάλους του Στωικισμού.;"""Εφ' ημίν και ουκ εφ' ημίν"" (Τι ελέγχουμε και τι όχι).";"""Εγχειρίδιον"", ""Διατριβαί"".";Επιρροή;17;Ανέχου και απέχου (Να ανέχεσαι και να απέχεις).
43;Μάρκος Αυρήλιος;121 μ.Χ.;180 μ.Χ.;Ρώμη;Φιλόσοφοι;Ρωμαϊκή (121-180 μ.Χ.);Στωικοί;5;"Ο ""φιλόσοφος αυτοκράτορας"" της Ρώμης. Έγραψε τις σκέψεις του ενώ βρισκόταν σε εκστρατείες.";Εφαρμοσμένος Στωικισμός.;"""Τα εις εαυτόν"".";Επιρροή;42;Η ζωή μας είναι αυτή που την κάνουν οι σκέψεις μας.
44;Μητρόδωρος ο Λαμψακηνός;331 π.Χ.;278 π.Χ.;Λάμψακος;Φιλόσοφοι;Ελληνιστική (331-278 π.Χ.);Επικούρειοι;3;Ο στενότερος συνεργάτης του Επίκουρου. Πέθανε λίγο πριν τον δάσκαλό του.;Διάδοση Επικουρισμού.;"""Περί Ευγενείας"".";Μαθητής;16;Τίποτα δεν είναι αρκετό για αυτόν που το αρκετό του φαίνεται λίγο.
45;Λουκρήτιος;99 π.Χ.;55 π.Χ.;Ρώμη;Φιλόσοφοι / Ποιητές;Ρωμαϊκή (99-55 π.Χ.);Επικούρειοι;5;Ρωμαίος ποιητής που μετέφρασε τη θεωρία του Επίκουρου και του Δημόκριτου σε ένα μεγαλειώδες ποίημα.;Διάδοση ατομικής θεωρίας στη Ρώμη.;"""De Rerum Natura"" (Για τη φύση των πραγμάτων).";Επιρροή;16;Από το τίποτα, τίποτα δεν δημιουργείται.
46;Τίμων ο Φλιάσιος;320 π.Χ.;230 π.Χ.;Φλειούντας;Φιλόσοφοι;Ελληνιστική (320-230 π.Χ.);Σκεπτικοί;3;Μαθητής του Πύρρωνα. Έγραψε σατιρικά ποιήματα εναντίον όλων των άλλων φιλοσόφων.;Σατιρικός Σκεπτικισμός.;"""Σίλλοι"".";Μαθητής;19;Κάθε επιχείρημα έχει ένα αντίθετο επιχείρημα ίσης ισχύος.
47;Σέξτος Εμπειρικός;160 μ.Χ.;210 μ.Χ.;Αλεξάνδρεια;Φιλόσοφοι / Γιατροί;Ρωμαϊκή (160-210 μ.Χ.);Σκεπτικοί;4;Γιατρός που κατέγραψε όλη τη σκεπτικιστική παράδοση, διασώζοντας πολύτιμες πληροφορίες.;Εμπειρικός Σκεπτικισμός.;"""Πυρρώνειαι Υποτυπώσεις"".";Επιρροή;19;Αναστέλλω την κρίση μου (Εποχή).
48;Πορφύριος;234 μ.Χ.;305 μ.Χ.;Τύρος;Φιλόσοφοι;Ρωμαϊκή (234-305 μ.Χ.);Νεοπλατωνικοί;4;Μαθητής του Πλωτίνου. Επιμελήθηκε τα έργα του δασκάλου του και έγραψε την εισαγωγή στη λογική του Αριστοτέλη.;"""Εισαγωγή"" (Isagoge) στις κατηγορίες.";"""Εννεάδες"" (Επιμέλεια), ""Εισαγωγή"".";Μαθητής;20;Η ψυχή είναι εκεί που σκέφτεται, όχι εκεί που βρίσκεται το σώμα.
49;Ιάμβλιχος;245 μ.Χ.;325 μ.Χ.;Χαλκίδα (Συρία);Φιλόσοφοι;Ρωμαϊκή (245-325 μ.Χ.);Νεοπλατωνικοί;3;"Εισήγαγε τη ""Θεουργία"" (τελετουργίες) στον Νεοπλατωνισμό για την ένωση με το θείο.";Θεουργία.;"""Περί των Αιγυπτίων μυστηρίων"".";Μαθητής;48;Η σκέψη είναι η γέφυρα μεταξύ ανθρώπου και Θεού.
50;Υπατία;350 μ.Χ.;415 μ.Χ.;Αλεξάνδρεια;Φιλόσοφοι / Μαθηματικοί;Ρωμαϊκή (350-415 μ.Χ.);Νεοπλατωνικοί;5;Η πιο διάσημη γυναίκα επιστήμονας της αρχαιότητας. Δολοφονήθηκε από φανατικό όχλο στην Αλεξάνδρεια.;Αστρονομία και Μαθηματικά.;Σχόλια στον Διόφαντο και στον Απολλώνιο.;-;-;Να σκέφτεσαι, ακόμα κι αν κάνεις λάθος.
51;Θεόφραστος;371 π.Χ.;287 π.Χ.;Λέσβος;Φιλόσοφοι;;Περιπατητικοί;;;;;;;
52;Ιπποκράτης ο Χίος;470 π.Χ.;410 π.Χ.;Χίος;Μαθηματικοί;Προσωκρατική (470-410 π.Χ.);Επιστήμονες;3;Σπουδαίος γεωμέτρης που εργάστηκε πάνω στον τετραγωνισμό του κύκλου.;"Σύνταξη των πρώτων ""Στοιχείων"" γεωμετρίας.";"""Στοιχεία"" (Χάθηκαν).";-;-;Η γεωμετρία είναι η οδός προς την αλήθεια.
53;Ιπποδάμος ο Μιλήσιος;498 π.Χ.;408 π.Χ.;Μίλητος;Πολεοδόμοι;Κλασική (498-408 π.Χ.);Επιστήμονες / Πολιτικοί;3;"Ο πατέρας της πολεοδομίας. Σχεδίασε τον Πειραιά και τη Ρόδο με το ""Ιπποδάμειο σύστημα"".";Ρυμοτομικό σχέδιο (κάνναβος).;"""Περί Πολιτείας"".";-;-;Η τάξη στην πόλη φέρνει τάξη στην ψυχή.
54;Εύδοξος ο Κνίδιος;390 π.Χ.;337 π.Χ.;Κνίδος;Αστρονόμοι;Κλασική (390-337 π.Χ.);Ακαδημία (Πλατωνικοί);4;Ο σημαντικότερος αστρονόμος πριν τον Πτολεμαίο. Μαθητής του Πλάτωνα.;Θεωρία των ομόκεντρων σφαιρών.;"""Φαινόμενα"".";Μαθητής;12;Η ηδονή είναι το ύψιστο αγαθό (στην ηθική του).
55;Ηρακλείδης ο Ποντικός;387 π.Χ.;312 π.Χ.;Ηράκλεια;Φιλόσοφοι;Κλασική (387-312 π.Χ.);Ακαδημία / Λύκειο;3;Υποστήριξε ότι η Γη περιστρέφεται γύρω από τον άξονά της.;Περιστροφή της Γης.;"""Περί της εν ουρανώ τάξεως"".";Μαθητής;12;(Αναφορές σε Διογένη Λαέρτιο).
56;Κράτης ο Θηβαίος;365 π.Χ.;285 π.Χ.;Θήβα;Φιλόσοφοι;Ελληνιστική (365-285 π.Χ.);Κυνικοί;4;Μαθητής του Διογένη. Χάρισε την περιουσία του στην πόλη για να ζήσει ως ζητιάνος.;Κυνική ηθική και ευγένεια.;"""Επιστολαί"".";Μαθητής;15;Η πατρίδα μου δεν έχει πύργους, αλλά είναι όλος ο κόσμος.
57;Ιππαρχία;350 π.Χ.;280 π.Χ.;Μαρώνεια;Φιλόσοφοι;Ελληνιστική (350-280 π.Χ.);Κυνικοί;4;Σύζυγος του Κράτη. Η πρώτη γυναίκα που έζησε δημόσια ως κυνική φιλόσοφος.;Γυναικεία χειραφέτηση στη φιλοσοφία.;(Αποσπάσματα).;Μαθήτρια;56;Προτίμησα την παιδεία από τον αργαλειό.
58;Μένιππος ο Γαδαρεύς;300 π.Χ.;250 π.Χ.;Γάδαρα;Φιλόσοφοι;Ελληνιστική (300-250 π.Χ.);Κυνικοί;3;"Διάσημος για τη σάτιρά του. Εφηύρε τη ""Μενίππεια Σάτιρα"" (μίξη πεζού και έμμετρου).";Σατιρική φιλοσοφία.;"""Νεκυία"", ""Διαθήκαι"".";-;-;Όλα είναι σκόνη και γέλιο.
59;Αρκεσίλαος;316 π.Χ.;241 π.Χ.;Πιτάνη;Φιλόσοφοι;Ελληνιστική (316-241 π.Χ.);Μέση Ακαδημία (Σκεπτικοί);4;Σχολάρχης της Ακαδημίας που εισήγαγε τον σκεπτικισμό στη σχολή του Πλάτωνα.;"Η έννοια της ""Εποχής"" (αναστολή κρίσης).";Δεν έγραψε τίποτα.;Επιρροή;12;Δεν ξέρω ούτε αν δεν ξέρω τίποτα.
60;Καρνεάδης;214 π.Χ.;129 π.Χ.;Κυρήνη;Φιλόσοφοι;Ελληνιστική (214-129 π.Χ.);Νέα Ακαδημία (Σκεπτικοί);5;Ο μεγαλύτερος σκεπτικός της Ακαδημίας. Συγκλόνισε τη Ρώμη με τους λόγους του.;Θεωρία των πιθανοτήτων (Πιθανοκρατία).;(Διασώθηκε από Κικέρωνα).;-;-;Η απόλυτη αλήθεια είναι ανέφικτη, αρκούμαστε στο πιθανό.
61;Αρίστων ο Χίος;320 π.Χ.;250 π.Χ.;Χίος;Φιλόσοφοι;Ελληνιστική (320-250 π.Χ.);Στωικοί;3;Απέκλινε από τον Ζήνωνα, υποστηρίζοντας ότι μόνο η Ηθική έχει σημασία, όχι η Φυσική.;Εστίαση στην καθαρή ηθική.;"""Ομοιώματα"".";Μαθητής;17;Η αρετή είναι μία: η υγεία της ψυχής.
62;Παναίτιος ο Ρόδιος;185 π.Χ.;110 π.Χ.;Ρόδος;Φιλόσοφοι;Ρωμαϊκή (185-110 π.Χ.);Μέση Στοά;4;"Εισήγαγε τον Στωικισμό στη Ρώμη και τον έκανε πιο ""πρακτικό"" για τους πολιτικούς.";Μεταφορά Στωικισμού στη Ρώμη.;"""Περί του Καθήκοντος"".";Επιρροή;17;Το καθήκον είναι η βάση της κοινωνικής ζωής.
63;Ποσειδώνιος ο Απαμεύς;135 π.Χ.;51 π.Χ.;Απάμεια;Φιλόσοφοι / Επιστήμονες;Ρωμαϊκή (135-51 π.Χ.);Μέση Στοά;5;"Ο τελευταίος ""πανεπιστήμων"" της αρχαιότητας. Ιστορικός, γεωγράφος και αστρονόμος.";Σύνθεση όλων των επιστημών.;"""Ιστορίαι"" (52 βιβλία - χάθηκαν).";Μαθητής;62;Το σύμπαν είναι ένας ζωντανός οργανισμός.
64;Σενέκας;4 π.Χ.;65 μ.Χ.;Κόρδοβα;Φιλόσοφοι;Ρωμαϊκή (4 π.Χ.-65 μ.Χ.);Στωικοί;5;Σύμβουλος του Νέρωνα. Τα έργα του είναι η βάση του χριστιανικού ουμανισμού αργότερα.;Πρακτική ηθική και ψυχολογία.;"""Επιστολές στον Λουκίλιο"".";Επιρροή;17;Η ζωή είναι σύντομη αν δεν ξέρεις να τη χρησιμοποιείς.
65;Μουσώνιος Ρούφος;30 μ.Χ.;100 μ.Χ.;Βόλσιοι;Φιλόσοφοι;Ρωμαϊκή (30-100 μ.Χ.);Στωικοί;3;Δάσκαλος του Επίκτητου. Υποστήριξε ότι οι γυναίκες πρέπει να σπουδάζουν φιλοσοφία.;Ισότητα στην εκπαίδευση.;"""Διατριβαί"".";Δάσκαλος;42;Η αρετή είναι η μόνη αληθινή ελευθερία.
66;Αντίπατρος ο Ταρσεύς;200 π.Χ.;129 π.Χ.;Ταρσός;Φιλόσοφοι;Ελληνιστική (200-129 π.Χ.);Στωικοί;3;Σχολάρχης της Στοάς που πολέμησε τον σκεπτικισμό του Καρνεάδη.;Υπεράσπιση στωικής δογματικής.;"""Περί Δεισιδαιμονίας"".";Μαθητής;18;(Αναφορές σε Πλούταρχο).
67;Ερμόδωρος;350 π.Χ.;300 π.Χ.;Έφεσος;Φιλόσοφοι;Κλασική (350-300 π.Χ.);Ακαδημία;2;Μαθητής του Πλάτωνα που πούλησε τα συγγράμματα του δασκάλου του στη Σικελία.;Διάδοση πλατωνικών έργων.;"""Περί Πλάτωνος"".";Μαθητής;12;(Αναφορές σε Κικέρωνα).
68;Κράτης ο Μαλλώτης;200 π.Χ.;145 π.Χ.;Μαλλός;Φιλόσοφοι / Γραμματικοί;Ελληνιστική (200-145 π.Χ.);Στωικοί;3;Ιδρυτής της σχολής της Περγάμου. Κατασκεύασε την πρώτη υδρόγειο σφαίρα.;Αλληγορική ερμηνεία του Ομήρου.;"""Διορθωτικά"".";-;-;Ο Όμηρος κρύβει φυσικές αλήθειες στα έπη του.
69;Αινεσίδημος;80 π.Χ.;10 π.Χ.;Κνωσός;Φιλόσοφοι;Ρωμαϊκή (80 π.Χ.-10 μ.Χ.);Σκεπτικοί;4;"Αναβίωσε τον σκεπτικισμό του Πύρρωνα και όρισε τους ""10 Τρόπους"" της αμφιβολίας.";Οι 10 Τρόποι του Σκεπτικισμού.;"""Πυρρώνειοι Λόγοι"".";Επιρροή;19;Καμία αίσθηση δεν είναι απόλυτα αληθινή.
70;Αγρίππας;100 μ.Χ.;150 μ.Χ.;-;Φιλόσοφοι;Ρωμαϊκή (100-150 μ.Χ.);Σκεπτικοί;3;Συνέχισε το έργο του Αινεσίδημου, ορίζοντας 5 νέους τρόπους για την αμφισβήτηση της γνώσης.;Οι 5 Τρόποι του Αγρίππα.;(Διασώθηκε από Σέξτο Εμπειρικό).;Επιρροή;69;Κάθε απόδειξη χρειάζεται μια άλλη απόδειξη στο άπειρο.
71;Ερμαρχος;325 π.Χ.;250 π.Χ.;Μυτιλήνη;Φιλόσοφοι;Ελληνιστική (325-250 π.Χ.);Επικούρειοι;3;"Διάδοχος του Επίκουρου στη διεύθυνση του ""Κήπου"". Πολέμησε τη θρησκεία και τον Πλάτωνα.";Υπεράσπιση επικούρειας ηθικής.;"""Επιστολαί"".";Μαθητής;16;Η δικαιοσύνη είναι μια συμφωνία για το κοινό συμφέρον.
72;Κολώτης ο Λαμψακηνός;320 π.Χ.;260 π.Χ.;Λάμψακος;Φιλόσοφοι;Ελληνιστική (320-260 π.Χ.);Επικούρειοι;2;Ένας από τους πιο πιστούς μαθητές του Επίκουρου. Επιτέθηκε σε όλους τους άλλους φιλοσόφους.;Πολεμική κατά των άλλων σχολών.;"""Περί του ότι κατά τα των άλλων φιλοσόφων δόγματα ουδέ ζην έστιν"".";Μαθητής;16;(Αναφορές στον Πλούταρχο).
73;Φιλόδημος ο Γαδαρεύς;110 π.Χ.;35 π.Χ.;Γάδαρα;Φιλόσοφοι / Ποιητές;Ρωμαϊκή (110-35 π.Χ.);Επικούρειοι;4;Η βιβλιοθήκη του βρέθηκε απανθρακωμένη στο Herculaneum (Ηράκλεια), σώζοντας πολλά έργα.;Διάδοση Επικουρισμού στη Ρώμη.;"""Περί Ρητορικής"", ""Περί Μουσικής"".";Μαθητής;16;(Πάπυροι του Herculaneum).
74;Αμαφάνιος;150 π.Χ.;100 π.Χ.;Ρώμη;Φιλόσοφοι;Ρωμαϊκή (150-100 π.Χ.);Επικούρειοι;2;Ο πρώτος που έγραψε για τον Επίκουρο στα Λατινικά, εκλαϊκεύοντας τη θεωρία του.;Εκλαΐκευση Επικουρισμού στη Ρώμη.;(Χαμένα έργα).;-;-;(Αναφορές στον Κικέρωνα).
75;Πλούταρχος;46 μ.Χ.;120 μ.Χ.;Χαιρώνεια;Φιλόσοφοι / Ιστορικοί;Ρωμαϊκή (46-120 μ.Χ.);Μέση Πλατωνική;5;Ο σπουδαιότερος βιογράφος της αρχαιότητας. Ιερέας στους Δελφούς και πλατωνιστής.;Παράλληλοι Βίοι, Ηθικά.;"""Βίοι Παράλληλοι"", ""Ηθικά"".";Επιρροή;12;Η γνώση δεν είναι δοχείο που πρέπει να γεμίσει, αλλά φωτιά που πρέπει να ανάψει.
76;Αμμώνιος Σακκάς;175 μ.Χ.;242 μ.Χ.;Αλεξάνδρεια;Φιλόσοφοι;Ρωμαϊκή (175-242 μ.Χ.);Νεοπλατωνικοί (Ιδρυτής);4;Ο δάσκαλος του Πλωτίνου. Δεν έγραψε τίποτα και δίδασκε μυστικά τις θεωρίες του.;Θεμελίωση Νεοπλατωνισμού.;Προφορική διδασκαλία.;Δάσκαλος;20;(Αναφορές στον Πορφύριο).
77;Λογγίνος;213 μ.Χ.;273 μ.Χ.;Έμεσα;Φιλόσοφοι / Ρήτορες;Ρωμαϊκή (213-273 μ.Χ.);Νεοπλατωνικοί;3;"Θεωρούνταν ""ζωντανή βιβλιοθήκη"". Σύμβουλος της βασίλισσας Ζηνοβίας.";Αισθητική και Ρητορική.;"""Περί Ύψους"" (Αποδίδεται σε αυτόν).";Μαθητής;20;Το ύψος στον λόγο είναι η ηχώ μιας μεγαλόψυχης διάνοιας.
78;Πρόκλος;412 μ.Χ.;485 μ.Χ.;Κων/πολη;Φιλόσοφοι;Ρωμαϊκή (412-485 μ.Χ.);Νεοπλατωνικοί;5;Ο τελευταίος μεγάλος συστηματικός φιλόσοφος της αρχαιότητας και σχολάρχης της Ακαδημίας.;Συστηματοποίηση Νεοπλατωνισμού.;"""Στοιχείωσις Θεολογική"".";Επιρροή;12;Κάθε θεός είναι μέτρο των όντων.
79;Δαμάσκιος;458 μ.Χ.;538 μ.Χ.;Δαμασκός;Φιλόσοφοι;Ρωμαϊκή (458-538 μ.Χ.);Νεοπλατωνικοί;4;Ο τελευταίος σχολάρχης της Ακαδημίας πριν την κλείσει ο Ιουστινιανός το 529 μ.Χ.;"Η θεωρία του ""Αρρήτου"".";"""Περί Αρχών"".";Επιρροή;12;Η αλήθεια κρύβεται στη σιωπή.
80;Σιμπλίκιος;490 μ.Χ.;560 μ.Χ.;Κιλικία;Φιλόσοφοι;Ρωμαϊκή (490-560 μ.Χ.);Νεοπλατωνικοί;4;Έγραψε τεράστια σχόλια στον Αριστοτέλη, διασώζοντας πολλά αποσπάσματα των Προσωκρατικών.;Διάσωση αρχαίας φιλοσοφίας.;"""Σχόλια στη Φυσική του Αριστοτέλη"".";Μαθητής;79;(Διασώθηκαν αποσπάσματα του Παρμενίδη).
81;Σόλων ο Αθηναίος;638 π.Χ.;558 π.Χ.;Αθήνα;Φιλόσοφοι / Νομοθέτες;Αρχαϊκή (638-558 π.Χ.);7 Σοφοί;5;Ο πατέρας της αθηναϊκής δημοκρατίας. Κατήργησε τα χρέη (σεισάχθεια) και έγραψε νόμους σε ξύλινες στήλες.;Σεισάχθεια, Πολιτική δικαιοσύνη.;Ελεγείες (Αποσπάσματα).;-;-;Μηδέν άγαν (Τίποτα στην υπερβολή).Γηράσκω δ' αεί πολλά διδασκόμενος.
82;Χίλων ο Λακεδαιμόνιος;600 π.Χ.;520 π.Χ.;Σπάρτη;Φιλόσοφοι / Πολιτικοί;Αρχαϊκή (6ος αι. π.Χ.);7 Σοφοί;4;Έφορος στη Σπάρτη. Φημιζόταν για τη λακωνική του βραχυλογία και την ηθική του αυστηρότητα.;Ενίσχυση της σπαρτιατικής αγωγής.;-;-;-;Το λακωνίζειν εστί φιλοσοφείν.Τον τεθνηκότα μη κακολογείν.
83;Περίανδρος;627 π.Χ.;585 π.Χ.;Κόρινθος;Τύραννοι / Σοφοί;Αρχαϊκή (627-585 π.Χ.);7 Σοφοί;4;Τύραννος της Κορίνθου. Παρά τη σκληρότητά του, θεωρήθηκε σοφός για τις διοικητικές του ικανότητες.;Κατασκευή του Δίολκου στον Ισθμό.;"""Υποθήκαι"".";-;-;Μελέτη το παν (Η προσπάθεια είναι το παν).
84;Κλεόβουλος ο Ρόδιος;600 π.Χ.;530 π.Χ.;Λίνδος;Τύραννοι / Σοφοί;Αρχαϊκή (6ος αι. π.Χ.);7 Σοφοί;3;Τύραννος της Λίνδου. Λέγεται ότι ήταν πανέμορφος και εισήγαγε τη χρήση των αινιγμάτων.;Ανακαίνιση του ναού της Αθηνάς.;Αινίγματα και άσματα.;-;-;Μέτρον άριστον.
85;Βίας ο Πριηνεύς;600 π.Χ.;530 π.Χ.;Πριήνη;Δικαστές / Σοφοί;Αρχαϊκή (6ος αι. π.Χ.);7 Σοφοί;4;Θεωρήθηκε ο σπουδαιότερος από τους 7. Φημιζόταν για την ικανότητά του να κερδίζει δίκες με τη λογική του.;Δικανική ρητορική.;-;-;-;Οι πλείστοι άνθρωποι κακοί (Οι περισσότεροι άνθρωποι είναι κακοί).
86;Πιττακός ο Μυτιληναίος;640 π.Χ.;568 π.Χ.;Μυτιλήνη;Πολιτικοί / Σοφοί;Αρχαϊκή (640-568 π.Χ.);7 Σοφοί;4;Αισυμνήτης (εκλεγμένος άρχοντας) της Λέσβου. Έθεσε τέλος στους εμφυλίους πολέμους του νησιού.;Νομοθεσία κατά της μέθης.;-;-;-;Γίγνωσκε καιρόν (Να αναγνωρίζεις την κατάλληλη ευκαιρία).
87;Ανάχαρσις;600 π.Χ.;550 π.Χ.;Σκυθία;Φιλόσοφοι;Αρχαϊκή (6ος αι. π.Χ.);Σοφοί / Κυνικοί (Πρόδρομος);3;Σκύθης πρίγκιπας που ήρθε στην Αθήνα και έγινε φίλος του Σόλωνα. Θαύμαζε την ελληνική παιδεία αλλά ειρωνευόταν τα ήθη.;Πολιτισμική κριτική.;-;Επιρροή;81;
88;Φερεκύδης ο Σύριος;580 π.Χ.;520 π.Χ.;Σύρος;Φιλόσοφοι;Προσωκρατική (6ος αι. π.Χ.);Κοσμολόγοι;3;Δάσκαλος του Πυθαγόρα. Πρώτος που έγραψε για τη φιλοσοφία σε πεζό λόγο (όχι ποίηση).;Η θεωρία για την αιωνιότητα της ψυχής.;"""Επτάμυχος"".";Δάσκαλος;3;Η ψυχή είναι αθάνατη.
89;Επίχαρμος;530 π.Χ.;440 π.Χ.;Κως / Σικελία;Φιλόσοφοι / Ποιητές;Προσωκρατική (530-440 π.Χ.);Πυθαγόρειοι;3;Κωμωδιογράφος που εισήγαγε φιλοσοφικές έννοιες στα έργα του. Θαυμαζόταν από τον Πλάτωνα.;Η κωμωδία ως μέσο διδασκαλίας.;52 Κωμωδίες.;-;-;Νάφε και μέμνασ' απιστείν (Να είσαι νηφάλιος και να θυμάσαι να δυσπιστείς).
90;Αλκμαίων ο Κροτωνιάτης;510 π.Χ.;450 π.Χ.;Κρότωνας;Γιατροί / Φιλόσοφοι;Προσωκρατική (5ος αι. π.Χ.);Πυθαγόρειοι / Επιστήμονες;4;Ο πρώτος που έκανε ανατομία και ανακάλυψε ότι ο εγκέφαλος είναι το κέντρο της νόησης.;Θεμελίωση της νευρολογίας.;"""Περί Φύσεως"".";Μαθητής;3;Ο εγκέφαλος είναι το ηγεμονικό όργανο.
91;Κράτης ο Αθηναίος;-;265 π.Χ.;Αθήνα;Φιλόσοφοι;Ελληνιστική (3ος αι. π.Χ.);Πλατωνικοί (Ακαδημία);2;Σχολάρχης της Ακαδημίας. Ήταν τόσο δεμένος με τον προκάτοχό του Πολέμωνα που τάφηκαν στον ίδιο τάφο.;Διατήρηση πλατωνικής παράδοσης.;-;;;
92;Πολέμων ο Αθηναίος;-;270 π.Χ.;Αθήνα;Φιλόσοφοι;Ελληνιστική (3ος αι. π.Χ.);Πλατωνικοί (Ακαδημία);2;Λέγεται ότι μπήκε μεθυσμένος στην τάξη του Ξενοκράτη και γοητεύτηκε τόσο που έγινε φιλόσοφος.;Ηθική αυστηρότητα.;-;Μαθητής;38;
93;Κράτης ο Ταρσεύς;-;127 π.Χ.;Ταρσός;Φιλόσοφοι;Ελληνιστική (2ος αι. π.Χ.);Πλατωνικοί (Ακαδημία);2;Σχολάρχης της Ακαδημίας μετά τον Καρνεάδη.;Διδασκαλία σκεπτικισμού.;-;Σχολάρχης;60;
94;Κλειτόμαχος;187 π.Χ.;110 π.Χ.;Καρχηδόνα;Φιλόσοφοι;Ελληνιστική (2ος αι. π.Χ.);Νέα Ακαδημία (Σκεπτικοί);3;Καρχηδόνιος που έγινε σχολάρχης στην Αθήνα. Κατέγραψε τις απόψεις του Καρνεάδη.;Διάσωση της σκεπτικιστικής Ακαδημίας.;"""Περί αναστολής της κρίσεως"".";Μαθητής;60;Ποτέ δεν κατάλαβα τι πραγματικά πίστευε ο Καρνεάδης.
95;Αντίοχος ο Ασκαλωνίτης;125 π.Χ.;68 π.Χ.;Ασκαλών;Φιλόσοφοι;Ρωμαϊκή (1ος αι. π.Χ.);Πέμπτη Ακαδημία;4;Δάσκαλος του Κικέρωνα. Εγκατέλειψε τον σκεπτικισμό και επέστρεψε στις δογματικές θέσεις του Πλάτωνα.;Σύνθεση Πλατωνισμού και Στωικισμού.;"""Καννονικά"".";Δάσκαλος;96;Η αλήθεια είναι προσβάσιμη μέσω της λογικής.
96;Κικέρων;106 π.Χ.;43 π.Χ.;Αρπίνο;Φιλόσοφοι / Ρήτορες;Ρωμαϊκή (106-43 π.Χ.);Ακαδημαϊκοί;5;Ο άνθρωπος που μετέφερε όλη την ελληνική φιλοσοφία στο λατινικό κόσμο.;Δημιουργία λατινικής φιλοσοφικής ορολογίας.;"""De Republica"", ""De Officiis"".";Μαθητής;95;Η φιλοσοφία είναι η ιατρική της ψυχής.
97;Αριστόξενος ο Ταραντίνος;375 π.Χ.;335 π.Χ.;Τάραντας;Μουσικοί / Φιλόσοφοι;Κλασική (4ος αι. π.Χ.);Περιπατητικοί (Λύκειο);4;Μαθητής του Αριστοτέλη. Ο σημαντικότερος θεωρητικός της μουσικής στην αρχαιότητα.;Επιστημονική μελέτη της αρμονίας.;"""Αρμονικά Στοιχεία"".";Μαθητής;13;Η μουσική είναι η τάξη των ήχων.
98;Δημήτριος ο Φαληρεύς;350 π.Χ.;280 π.Χ.;Φάληρο;Πολιτικοί / Φιλόσοφοι;Ελληνιστική (350-280 π.Χ.);Περιπατητικοί (Λύκειο);4;Κυβερνήτης της Αθήνας και ιδρυτής της Βιβλιοθήκης της Αλεξάνδρειας.;Οργάνωση της παγκόσμιας γνώσης (Μουσείο).;"""Περί Ρητορικής"".";Μαθητής;39;Η τύχη είναι τυφλή, αλλά οι άνθρωποι περισσότερο.
99;Λύκων ο Τρωαδεύς;299 π.Χ.;225 π.Χ.;Τρωάδα;Φιλόσοφοι;Ελληνιστική (3ος αι. π.Χ.);Περιπατητικοί (Λύκειο);2;Διάδοχος του Στράτωνα. Φημιζόταν για την ευγλωττία του και την αγάπη του για τη γυμναστική.;Εκπαιδευτική μεταρρύθμιση.;-;;;
100;Κριτόλαος;200 π.Χ.;118 π.Χ.;Φάσηλις;Φιλόσοφοι;Ελληνιστική (2ος αι. π.Χ.);Περιπατητικοί (Λύκειο);3;Πρεσβευτής της Αθήνας στη Ρώμη. Υπερασπίστηκε τον Αριστοτέλη κατά των Στωικών.;Διατήρηση αριστοτελικής ηθικής.;-;Σχολάρχης;13;
101;Αλέξανδρος ο Αφροδισιεύς;200 μ.Χ.;215 μ.Χ.;Αφροδισιάδα;Φιλόσοφοι;Ρωμαϊκή (2ος αι. μ.Χ.);Περιπατητικοί;4;"Ο σημαντικότερος σχολιαστής του Αριστοτέλη. Ονομαζόταν ""ο δεύτερος Αριστοτέλης"".";Ερμηνεία της αριστοτελικής μεταφυσικής.;"""Περί Ψυχής"", ""Σχόλια"".";Επιρροή;13;Ο νους είναι η ενεργοποίηση της ανθρώπινης δυνατότητας.
102;Στιλπών ο Μεγαρεύς;360 π.Χ.;280 π.Χ.;Μέγαρα;Φιλόσοφοι;Ελληνιστική (4ος αι. π.Χ.);Μεγαρική Σχολή;4;"Διάσημος διαλεκτικός. Λέγεται ότι όταν ο Δημήτριος ο Πολιορκητής κατέλαβε τα Μέγαρα, τον ρώτησε αν έχασε τίποτα, και εκείνος απάντησε ""Όχι, η παιδεία μου είναι μέσα μου"".";Επίδραση στον Στωικισμό.;"""Διάλογοι"" (Χάθηκαν).";Δάσκαλος;17;(Δίδαξε τον Ζήνωνα τον Κιτιέα).
103;Διόδωρος Κρόνος;-;284 π.Χ.;Ιασός;Φιλόσοφοι;Ελληνιστική (4ος αι. π.Χ.);Μεγαρική Σχολή;3;"Μεγάλος λογικός. Επινόησε τον ""Κυριεύοντα λόγο"", ένα επιχείρημα για την αναγκαιότητα και το μέλλον.";Εξέλιξη της Λογικής.;-;-;-;Μόνο το δυνατό συμβαίνει ή θα συμβεί.
104;Μένεδημος ο Ερετριεύς;345 π.Χ.;260 π.Χ.;Ερέτρια;Φιλόσοφοι;Ελληνιστική (345-260 π.Χ.);Ερετρική Σχολή;3;Ιδρυτής της σχολής της Ερέτριας. Ήταν και πολιτικός ηγέτης της πόλης του.;Ηθική και Διαλεκτική.;-;;;
105;Ανήκερις;320 π.Χ.;280 π.Χ.;Κυρήνη;Φιλόσοφοι;Ελληνιστική (3ος αι. π.Χ.);Κυρηναϊκοί;3;Μεταρρύθμισε τον ηδονισμό του Αρίστιππου, προσθέτοντας την αξία της φιλίας και του πατριωτισμού.;Κοινωνικός Ηδονισμός.;-;Μαθητής;34;
106;Απολλώνιος ο Τυανεύς;15 μ.Χ.;100 μ.Χ.;Τύανα;Φιλόσοφοι;Ρωμαϊκή (1ος αι. μ.Χ.);Νεοπυθαγόρειοι;5;"Θεωρήθηκε ""θαυματοποιός"" και ο ""Εθνικός Χριστός"". Περιηγήθηκε σε όλο τον κόσμο διδάσκοντας την πυθαγόρεια ζωή.";Αναβίωση Πυθαγορισμού.;"""Περί Θυσιών"".";Επιρροή;3;Ο Θεός δεν χρειάζεται θυσίες, μόνο τον καθαρό λόγο.
107;Νουμήνιος ο εξ Απαμείας;150 μ.Χ.;200 μ.Χ.;Απάμεια;Φιλόσοφοι;Ρωμαϊκή (2ος αι. μ.Χ.);Νεοπυθαγόρειοι / Πλατωνικοί;4;"Πρόδρομος του Νεοπλατωνισμού. Είπε το περίφημο: ""Τι άλλο είναι ο Πλάτων παρά ένας Μωυσής που αττικίζει;"".";Σύνθεση Ελληνικής και Ανατολικής σοφίας.;"""Περί Τ?γαθού"".";Επιρροή;12;Ο Θεός είναι ο Νους που δημιουργεί.
108;Νικόμαχος ο Γερασηνός;60 μ.Χ.;120 μ.Χ.;Γέρασα;Μαθηματικοί / Φιλόσοφοι;Ρωμαϊκή (1ος-2ος αι. μ.Χ.);Νεοπυθαγόρειοι;3;Έγραψε την πιο διαδεδομένη εισαγωγή στην αριθμητική για αιώνες.;Αριθμητική εισαγωγή.;"""Αριθμητική Εισαγωγή"".";Επιρροή;3;Τα πάντα στο σύμπαν έχουν οργανωθεί σύμφωνα με τον αριθμό.
109;Αττικός;150 μ.Χ.;200 μ.Χ.;-;Φιλόσοφοι;Ρωμαϊκή (2ος αι. μ.Χ.);Μέση Πλατωνική;2;Υπερασπίστηκε τον Πλάτωνα κατά του Αριστοτέλη, επιμένοντας στη δημιουργία του κόσμου εν χρόνω.;Αντι-αριστοτελισμός.;"""Κατά των υποσχομένων τα Αριστοτέλους"".";Μαθητής;12;-
110;Αλκίνοος;150 μ.Χ.;200 μ.Χ.;-;Φιλόσοφοι;Ρωμαϊκή (2ος αι. μ.Χ.);Μέση Πλατωνική;3;Έγραψε ένα εγχειρίδιο πλατωνισμού που χρησιμοποιήθηκε ως βασικό βοήθημα στην αρχαιότητα.;Συστηματοποίηση πλατωνικής διδασκαλίας.;"""Διδασκαλικός"".";Μαθητής;12;Η φιλοσοφία είναι η λύτρωση της ψυχής από το σώμα.
111;Κέλσος;150 μ.Χ.;200 μ.Χ.;-;Φιλόσοφοι;Ρωμαϊκή (2ος αι. μ.Χ.);Πλατωνικοί;4;Ο πρώτος σοβαρός πολέμιος του Χριστιανισμού από τη σκοπιά της ελληνικής λογικής.;Κριτική του Χριστιανισμού.;"""Αληθής Λόγος"".";Επιρροή;12;Ο Θεός δεν αλλάζει τη φύση του για χάρη των ανθρώπων.
112;Βαλεντίνος;100 μ.Χ.;160 μ.Χ.;Αίγυπτος;Φιλόσοφοι / Γνωστικοί;Ρωμαϊκή (2ος αι. μ.Χ.);Γνωστικισμός;4;Ο σπουδαιότερος Γνωστικός δάσκαλος. Προσπάθησε να ενώσει τον Χριστιανισμό με τον Πλατωνισμό.;Θεωρία των Αιώνων.;"""Ευαγγέλιο της Αλήθειας"".";Επιρροή;12;Η γνώση είναι η σωτηρία της ψυχής.
113;Βασιλείδης;117 μ.Χ.;138 μ.Χ.;Αλεξάνδρεια;Φιλόσοφοι / Γνωστικοί;Ρωμαϊκή (2ος αι. μ.Χ.);Γνωστικισμός;3;Δίδαξε μια περίπλοκη κοσμογονία με 365 ουρανούς.;Πρώιμος Γνωστικισμός.;"""Εξηγητικά"".";-;-;-
114;Κλήμης ο Αλεξανδρεύς;150 μ.Χ.;215 μ.Χ.;Αθήνα / Αλεξάνδρεια;Φιλόσοφοι / Πατέρες;Ρωμαϊκή (2ος αι. μ.Χ.);Χριστιανικός Πλατωνισμός;5;Προσπάθησε να αποδείξει ότι η ελληνική φιλοσοφία ήταν προετοιμασία για τον Χριστιανισμό.;Σύζευξη Πίστης και Γνώσης.;"""Στρωματείς"".";;;Η φιλοσοφία είναι παιδαγωγός εις Χριστόν.
115;Ωριγένης;184 μ.Χ.;253 μ.Χ.;Αλεξάνδρεια;Φιλόσοφοι / Πατέρες;Ρωμαϊκή (3ος αι. μ.Χ.);Χριστιανικός Πλατωνισμός;5;"Ο ""Αδαμάντινος"" της θεολογίας. Μαθητής του Αμμώνιου Σακκά (όπως και ο Πλωτίνος).";Αλληγορική ερμηνεία γραφών.;"""Περί Αρχών"".";Μαθητής;76;Η ψυχή προϋπάρχει του σώματος.
116;Εύδημος ο Ρόδιος;370 π.Χ.;300 π.Χ.;Ρόδος;Φιλόσοφοι / Ιστορικοί;Κλασική (4ος αι. π.Χ.);Περιπατητικοί (Λύκειο);3;Μαθητής του Αριστοτέλη. Θεωρείται ο πρώτος ιστορικός των μαθηματικών και της αστρονομίας.;Ιστορία των επιστημών.;"""Ιστορία Γεωμετρίας"".";Μαθητής;13;-
117;Πασικλής ο Ρόδιος;350 π.Χ.;300 π.Χ.;Ρόδος;Φιλόσοφοι;Κλασική (4ος αι. π.Χ.);Περιπατητικοί (Λύκειο);2;"Ανιψιός του Ευδήμου. Βοήθησε στην έκδοση των ""Μετά τα Φυσικά"" του Αριστοτέλη.";Επιμέλεια έργων Αριστοτέλη.;-;Μαθητής;13;-
118;Κλέαρχος ο Σολεύς;340 π.Χ.;290 π.Χ.;Σόλοι;Φιλόσοφοι;Ελληνιστική (4ος-3ος αι. π.Χ.);Περιπατητικοί (Λύκειο);3;Ταξίδεψε μέχρι το σημερινό Αφγανιστάν (Αϊ-Χανούμ) και χάραξε δελφικά παραγγέλματα εκεί.;Διάδοση ελληνισμού στην Ανατολή.;"""Βίοι"".";Μαθητής;13;-
119;Δικαίαρχος ο Μεσσήνιος;350 π.Χ.;285 π.Χ.;Μεσσήνη;Φιλόσοφοι / Γεωγράφοι;Κλασική (4ος αι. π.Χ.);Περιπατητικοί (Λύκειο);4;"Υποστήριξε ότι η ψυχή δεν είναι τίποτα άλλο παρά μια ""αρμονία"" του σώματος.";Γεωγραφία και Ανθρωπολογία.;"""Βίος Ελλάδος"".";Μαθητής;13;Η ψυχή πεθαίνει μαζί με το σώμα.
120;Φανίας ο Ερέσιος;332 π.Χ.;270 π.Χ.;Ερεσός;Φιλόσοφοι;Ελληνιστική (4ος-3ος αι. π.Χ.);Περιπατητικοί (Λύκειο);2;Φίλος του Θεόφραστου. Έγραψε για την ιστορία της τυραννίας και για τη βοτανική.;Ιστορική έρευνα.;"""Περί των εν Σικελία τυράννων"".";Μαθητής;39;-
121;Αρίστων ο Κείος;-;225 π.Χ.;Κέα;Φιλόσοφοι;Ελληνιστική (3ος αι. π.Χ.);Περιπατητικοί (Λύκειο);2;Σχολάρχης του Λυκείου μετά τον Λύκωνα.;Διατήρηση αριστοτελικής σχολής.;"""Περί Γήρως"".";Σχολάρχης;13;-
122;Ερμίππος ο Σμυρναίος;250 π.Χ.;200 π.Χ.;Σμύρνη;Βιογράφοι;Ελληνιστική (3ος αι. π.Χ.);Περιπατητικοί;3;Διάσημος βιογράφος φιλοσόφων και νομοθετών. Η κύρια πηγή για πολλούς μεταγενέστερους.;Βιογραφική φιλολογία.;"""Βίοι"".";Επιρροή;13;-
123;Σωσικράτης;200 π.Χ.;150 π.Χ.;Ρόδος;Ιστορικοί;Ελληνιστική (2ος αι. π.Χ.);-;2;Έγραψε για τις διαδοχές των φιλοσόφων, βοηθώντας στην οργάνωση της ιστορίας της σκέψης.;Ιστορία της Φιλοσοφίας.;"""Διαδοχαί"".";-;-;-
124;Απολλόδωρος ο Επικούρειος;150 π.Χ.;100 π.Χ.;Αθήνα;Φιλόσοφοι;Ρωμαϊκή (2ος αι. π.Χ.);Επικούρειοι;3;"Ονομαζόταν ""Κηποτύραννος"" γιατί έγραψε πάνω από 400 βιβλία για τον Επικουρισμό.";Συστηματοποίηση Επικουρισμού.;"""Βίος Επικούρου"".";Μαθητής;16;-
125;Ζήνων ο Σιδώνιος;150 π.Χ.;75 π.Χ.;Σιδώνα;Φιλόσοφοι;Ρωμαϊκή (2ος-1ος αι. π.Χ.);Επικούρειοι;3;Δάσκαλος του Κικέρωνα. Αμφισβήτησε τις γεωμετρικές αποδείξεις από επικούρεια σκοπιά.;Κριτική της Γεωμετρίας.;-;Δάσκαλος;96;-
126;Φιλωνίδης ο Λαοδικεύς;200 π.Χ.;130 π.Χ.;Λαοδίκεια;Φιλόσοφοι / Γεωμέτρες;Ελληνιστική (2ος αι. π.Χ.);Επικούρειοι;2;Έπεισε τον βασιλιά Αντίοχο Δ' να ασπαστεί τον Επικουρισμό.;Διάδοση φιλοσοφίας στις αυλές.;(Αποσπάσματα).;-;-;-
127;Διογένης ο Οιννοανδέας;120 μ.Χ.;150 μ.Χ.;Οινοάνδα;Φιλόσοφοι;Ρωμαϊκή (2ος αι. μ.Χ.);Επικούρειοι;4;Έκτισε μια τεράστια στοά στην πόλη του και χάραξε στους τοίχους της όλη τη διδασκαλία του Επίκουρου.;Η μεγαλύτερη φιλοσοφική επιγραφή στον κόσμο.;"""Επιγραφή των Οινοάνδων"".";Επιρροή;16;Τίποτα δεν πρέπει να φοβόμαστε από τους θεούς.
128;Σύρος;450 μ.Χ.;500 μ.Χ.;Αλεξάνδρεια;Φιλόσοφοι;Ρωμαϊκή (5ος αι. μ.Χ.);Νεοπλατωνικοί;2;Δάσκαλος του Πρόκλου. Προσπάθησε να εναρμονίσει τον Όμηρο και τον Ορφέα με τον Πλάτωνα.;Ερμηνεία Ορφικών.;"""Σχόλια στα Μετά τα Φυσικά"".";Δάσκαλος;78;-
129;Ασκληπιός ο Τραλλιανός;500 μ.Χ.;550 μ.Χ.;Τράλλεις;Φιλόσοφοι;Ρωμαϊκή (6ος αι. μ.Χ.);Νεοπλατωνικοί;2;Μαθητής του Αμμώνιου του Ερμείου. Έγραψε σχόλια στον Αριστοτέλη.;Σχολιασμός Αριστοτέλη.;"""Σχόλια στα Μετά τα Φυσικά"".";Επιρροή;13;-
130;Ολυμπιόδωρος ο Νεότερος;495 μ.Χ.;570 μ.Χ.;Αλεξάνδρεια;Φιλόσοφοι;Ρωμαϊκή (6ος αι. μ.Χ.);Νεοπλατωνικοί;3;Ο τελευταίος παγανιστής δάσκαλος στην Αλεξάνδρεια μετά το κλείσιμο της Ακαδημίας.;Διάσωση πλατωνικών κειμένων.;"""Σχόλια στον Γοργία"".";Επιρροή;12;-
131;Στέφανος ο Αλεξανδρεύς;580 μ.Χ.;640 μ.Χ.;Αλεξάνδρεια;Φιλόσοφοι / Αλχημιστές;Βυζαντινή (6ος-7ος αι. μ.Χ.);Νεοπλατωνικοί / Χριστιανοί;3;Γέφυρα μεταξύ της αρχαίας φιλοσοφίας και της βυζαντινής επιστήμης.;Αλχημεία και Αστρονομία.;"""Περί Χρυσοποιΐας"".";-;-;Η φύση νικά τη φύση.
132;Ιεροκλής ο Αλεξανδρεύς;430 μ.Χ.;480 μ.Χ.;Αλεξάνδρεια;Φιλόσοφοι;Ρωμαϊκή (5ος αι. μ.Χ.);Νεοπλατωνικοί;3;"Διώχθηκε για τις πεποιθήσεις του στο Βυζάντιο. Έγραψε σχόλια στα ""Χρυσά Έπη"" των Πυθαγορείων.";Ηθική Πυθαγορισμού.;"""Σχόλια στα Χρυσά Έπη"".";Επιρροή;3;Φιλοσοφία είναι η κάθαρση της ψυχής.
133;Νέμεσιος;390 μ.Χ.;450 μ.Χ.;Έμεσα;Φιλόσοφοι / Επίσκοποι;Ρωμαϊκή (5ος αι. μ.Χ.);Χριστιανοί / Πλατωνικοί;3;Έγραψε το πρώτο βιβλίο χριστιανικής ανθρωπολογίας, βασισμένο στην ελληνική ιατρική.;Χριστιανική ανθρωπολογία.;"""Περί Φύσεως Ανθρώπου"".";Επιρροή;12;Ο άνθρωπος είναι ο σύνδεσμος ορατού και αοράτου κόσμου.
134;Συνέσιος ο Κυρηναίος;370 μ.Χ.;413 μ.Χ.;Κυρήνη;Φιλόσοφοι / Επίσκοποι;Ρωμαϊκή (4ος-5ος αι. μ.Χ.);Νεοπλατωνικοί;4;Μαθητής της Υπατίας. Έγινε επίσκοπος αλλά παρέμεινε νεοπλατωνικός στην καρδιά.;Σύνθεση Ελληνισμού και Χριστιανισμού.;"""Περί Ενυπνίων"".";Μαθητής;50;Η γνώση είναι το μόνο αληθινό φως.
135;Αναξαγόρας;500 π.Χ.;428 π.Χ.;Κλαζομενές;Φιλόσοφοι;Προσωκρατική (500-428 π.Χ.);Κοσμολόγοι;5;"(Επανεισαγωγή) Ο άνθρωπος που έφερε τον ""Νου"" στη φιλοσοφία και διώχθηκε για αθεΐα στην Αθήνα.";Ο Νους ως ρυθμιστής των πάντων.;"""Περί Φύσεως"".";Δάσκαλος;11;Πάντα εν πάσι (Τα πάντα υπάρχουν σε όλα).
